CREATE TABLE HOSTEL ( HOSTEL_ID NUMBER PRIMARY KEY, HOSTEL_NAME
VARCHAR2(30), FLOORS NUMBER, NO_OF_ROOMS NUMBER, MESS_NO NUMBER,
FOREIGN KEY (MESS_NO) REFERENCES MESS(MESS_NO) );
INSERT INTO HOSTEL VALUES(101,'SAROJINI',10,50,201);
INSERT INTO HOSTEL VALUES(102,'PRIYADARSHINI',8,30,203);
INSERT INTO HOSTEL VALUES(103,'1.8K ULTRA MEGA HOSTEL',11,100,201);
INSERT INTO HOSTEL VALUES(104,'1K HOSTEL',12,70,204);
INSERT INTO HOSTEL VALUES(105,'ISH',10,40,202);
INSERT INTO HOSTEL VALUES(106,'BOSE',6,40,203);
INSERT INTO HOSTEL VALUES(107,'AMBEDKAR',12,120,205);
INSERT INTO HOSTEL VALUES(108,'SARABHAI',10,100,206);
INSERT INTO HOSTEL VALUES(109,'GANDHI',6,80,202);
INSERT INTO HOSTEL VALUES(110,'TAGORE',5,120,206);
SELECT * FROM HOSTEL;
CREATE TABLE ROOM ( ROOM_NO NUMBER PRIMARY KEY, OCCUPANCY
NUMBER, AVAIL VARCHAR2(30), HOSTEL_ID NUMBER, FOREIGN KEY(HOSTEL_ID)
REFERENCES HOSTEL(HOSTEL_ID) );
INSERT INTO ROOM VALUES(101, 4, 'YES', 101); INSERT INTO ROOM VALUES(102, 4, 'YES', 101);
INSERT INTO ROOM VALUES(201, 2, 'YES', 102); INSERT INTO ROOM VALUES(203, 2, 'NO', 102);
INSERT INTO ROOM VALUES(301, 1, 'NO', 103); INSERT INTO ROOM VALUES(302, 1, 'YES', 103);
INSERT INTO ROOM VALUES(401, 2, 'YES', 104); INSERT INTO ROOM VALUES(405, 2, 'YES', 104);
INSERT INTO ROOM VALUES(501, 2, 'NO', 105); INSERT INTO ROOM VALUES(502, 2, 'NO', 105);
INSERT INTO ROOM VALUES(601, 1, 'YES', 106); INSERT INTO ROOM VALUES(602, 1, 'YES', 106);
INSERT INTO ROOM VALUES(701, 3, 'YES', 107); INSERT INTO ROOM VALUES(703, 3, 'YES', 107);
INSERT INTO ROOM VALUES(801, 3, 'YES', 108); INSERT INTO ROOM VALUES(802, 3, 'YES', 108);
INSERT INTO ROOM VALUES(901, 1, 'YES', 109); INSERT INTO ROOM VALUES(902, 1, 'NO', 109);
INSERT INTO ROOM VALUES(1001, 2, 'NO', 110); INSERT INTO ROOM VALUES(1002, 2, 'YES', 110); 
SELECT * FROM ROOM;
CREATE TABLE ADMIN ( FACULTY_ID NUMBER PRIMARY KEY, FAC_NAME VARCHAR2(20),
CONTACT_NO NUMBER, HOSTEL_ID NUMBER, FOREIGN KEY (HOSTEL_ID) REFERENCES
HOSTEL(HOSTEL_ID) );
INSERT INTO ADMIN VALUES (401, 'Rajesh Shukla', 8912348761, 106);
INSERT INTO ADMIN VALUES (402, 'Srinidhi Prasad', 8937347821, 104);
INSERT INTO ADMIN VALUES (403, 'M. Sashi ', 9123763348, 101);
INSERT INTO ADMIN VALUES (404, 'K. Nirmala', 7341981233, 107);
INSERT INTO ADMIN VALUES (405, 'Rohit Nishad', 8563413123, 105);
INSERT INTO ADMIN VALUES (406, 'Rashmi Suresh', 7453312786, 109);
INSERT INTO ADMIN VALUES (407, 'Umesh Yadav', 7344123121, 101);
INSERT INTO ADMIN VALUES (408, 'Ravi Kumar', 8945321231, 108);
INSERT INTO ADMIN VALUES (409, 'Joseph Davidson', 9464312212, 102);
INSERT INTO ADMIN VALUES (410, 'Gopi Krishna', 8989576231, 107);
INSERT INTO ADMIN VALUES (411, 'D. Bhargavi', 9543423121, 102);
INSERT INTO ADMIN VALUES (412, 'Rohan Malik', 9656342131, 110);
INSERT INTO ADMIN VALUES (413, 'Kiran Kumar', 7452349871, 105);
INSERT INTO ADMIN VALUES (414, 'Priya Varshini', 8213786845, 103);
INSERT INTO ADMIN VALUES (415, 'Asim Das', 8458423578, 106);
SELECT * FROM ADMIN;
SELECT ROOM_NO FROM ROOM INNER JOIN ADMIN ON ROOM.ROOM_NO=ADMIN.FACULTYID;
SELECT ROOM_NO, FAC_NAME FROM ROOM LEFT JOIN ADMIN ON
ROOM.HOSTEL_ID=ADMIN.HOSTEL_ID; 
